id,site_name,aoi
1,veyofushi_finolhu,"[[73.49705943626319, 4.26141802708446],[73.50270164253178, 4.266148717007908]]"
2,Vakharu,"           [ [
              73.49705943626319,
              4.26141802708446
            ],
            [
              73.50270164253178,
              4.266148717007908
            ]
          ]"
3,Fuvahmulah,"[
          [
            73.40485831620961,
            -0.315466217603003
          ],
          [
            73.4460947310398,
            -0.27336352803042985
          ]
        ]"
4,Fenfushi,"[
          [
            72.89986032382089,
            5.380135563487158
          ],
          [
            72.9039933120809,
            5.384601351535636
          ]
        ]"
