id,site_name,aoi
1,veyofushi_finolhu,"[
          [
            73.13560806514303,
            5.232300220203626
          ],
          [
            73.14249432985883,
            5.2376483570647
          ]
        ]"
2,Vakharu,"[ [
              73.49705943626319,
              4.26141802708446
            ],
            [
              73.50270164253178,
              4.266148717007908
            ]
          ]"
3,Fenfushi,"[
          [
            72.898,
            5.379
          ],
          [
            72.905,
            5.3865
          ]
        ]"
4,Bodufen,"[
          [
            72.9211,
            5.628
          ],
          [
            72.9259,
            5.6315
          ]
        ]"
5,Goiymaru,"[
          [
            72.884,
            5.628
          ],
          [
            72.891,
            5.632
          ]
        ]"
6,Lun’dhufushi,"[
          [
            72.981,
            5.64
          ],
          [
            72.992,
            5.647
          ]
        ]"